day_of_week,total_sales
Saturday,56120.80949999999
Tuesday,51482.24550000001
Thursday,45349.248000000014
Sunday,44457.892499999994
Friday,43926.34050000002
Wednesday,43731.135
Monday,37899.07799999999
