City,total_revenue
Naypyitaw,110568.70649999994
Yangon,106200.3705000001
Mandalay,106197.67199999996
